{
  "step": 2,
  "description": "GELU replaced with degree-2 polynomial",
  "dataset": "pneumonia",
  "test_accuracy": 87.34,
  "test_auc": 0.9553,
  "baseline_accuracy": 86.86,
  "baseline_auc": 0.9712,
  "accuracy_delta": 0.48,
  "auc_delta": -0.0159,
  "poly_degree": 2,
  "init_method": "gelu_fit",
  "smooth_transition": true,
  "transition_start": 6,
  "transition_end": 18,
  "range_reg_weight": 0.001,
  "best_epoch": 23,
  "epochs": 30,
  "freeze_blocks": 8,
  "train_time_seconds": 209.2,
  "learned_coefficients": {
    "blocks.0.mlp.act": [
      0.040207114070653915,
      0.5167965292930603,
      0.21067693829536438
    ],
    "blocks.0.mlp.act.poly": [
      0.040207114070653915,
      0.5167965292930603,
      0.21067693829536438
    ],
    "blocks.1.mlp.act": [
      0.0625559613108635,
      0.48958295583724976,
      0.22966483235359192
    ],
    "blocks.1.mlp.act.poly": [
      0.0625559613108635,
      0.48958295583724976,
      0.22966483235359192
    ],
    "blocks.2.mlp.act": [
      0.04121525585651398,
      0.5162869095802307,
      0.20837116241455078
    ],
    "blocks.2.mlp.act.poly": [
      0.04121525585651398,
      0.5162869095802307,
      0.20837116241455078
    ],
    "blocks.3.mlp.act": [
      0.07514049857854843,
      0.5191425681114197,
      0.20286816358566284
    ],
    "blocks.3.mlp.act.poly": [
      0.07514049857854843,
      0.5191425681114197,
      0.20286816358566284
    ],
    "blocks.4.mlp.act": [
      0.04871782660484314,
      0.5240467190742493,
      0.19851429760456085
    ],
    "blocks.4.mlp.act.poly": [
      0.04871782660484314,
      0.5240467190742493,
      0.19851429760456085
    ],
    "blocks.5.mlp.act": [
      0.042713675647974014,
      0.526493489742279,
      0.19738957285881042
    ],
    "blocks.5.mlp.act.poly": [
      0.042713675647974014,
      0.526493489742279,
      0.19738957285881042
    ],
    "blocks.6.mlp.act": [
      0.0404273122549057,
      0.5265876054763794,
      0.19955402612686157
    ],
    "blocks.6.mlp.act.poly": [
      0.0404273122549057,
      0.5265876054763794,
      0.19955402612686157
    ],
    "blocks.7.mlp.act": [
      0.0551840178668499,
      0.5186025500297546,
      0.20411084592342377
    ],
    "blocks.7.mlp.act.poly": [
      0.0551840178668499,
      0.5186025500297546,
      0.20411084592342377
    ],
    "blocks.8.mlp.act": [
      0.057162512093782425,
      0.5117305517196655,
      0.21473543345928192
    ],
    "blocks.8.mlp.act.poly": [
      0.057162512093782425,
      0.5117305517196655,
      0.21473543345928192
    ],
    "blocks.9.mlp.act": [
      0.05925979092717171,
      0.5108100771903992,
      0.2169734537601471
    ],
    "blocks.9.mlp.act.poly": [
      0.05925979092717171,
      0.5108100771903992,
      0.2169734537601471
    ],
    "blocks.10.mlp.act": [
      0.06483708322048187,
      0.504146158695221,
      0.22346031665802002
    ],
    "blocks.10.mlp.act.poly": [
      0.06483708322048187,
      0.504146158695221,
      0.22346031665802002
    ],
    "blocks.11.mlp.act": [
      0.06902025640010834,
      0.49930906295776367,
      0.2286054491996765
    ],
    "blocks.11.mlp.act.poly": [
      0.06902025640010834,
      0.49930906295776367,
      0.2286054491996765
    ]
  },
  "history": [
    {
      "epoch": 1,
      "alpha": 0.0,
      "train_loss": 0.4945,
      "train_acc": 80.61,
      "val_acc": 86.45,
      "val_auc": 0.9462,
      "lr": 2e-05,
      "range_reg": 6.6e-05
    },
    {
      "epoch": 2,
      "alpha": 0.0,
      "train_loss": 0.3567,
      "train_acc": 90.14,
      "val_acc": 93.13,
      "val_auc": 0.9675,
      "lr": 4e-05,
      "range_reg": 6.5e-05
    },
    {
      "epoch": 3,
      "alpha": 0.0,
      "train_loss": 0.3249,
      "train_acc": 92.31,
      "val_acc": 91.79,
      "val_auc": 0.9694,
      "lr": 6e-05,
      "range_reg": 6.4e-05
    },
    {
      "epoch": 4,
      "alpha": 0.0,
      "train_loss": 0.314,
      "train_acc": 92.82,
      "val_acc": 88.74,
      "val_auc": 0.9798,
      "lr": 8e-05,
      "range_reg": 6.2e-05
    },
    {
      "epoch": 5,
      "alpha": 0.0,
      "train_loss": 0.3016,
      "train_acc": 93.48,
      "val_acc": 93.7,
      "val_auc": 0.9791,
      "lr": 0.0001,
      "range_reg": 5.9e-05
    },
    {
      "epoch": 6,
      "alpha": 0.0,
      "train_loss": 0.2875,
      "train_acc": 94.92,
      "val_acc": 93.89,
      "val_auc": 0.9832,
      "lr": 9.96e-05,
      "range_reg": 5.6e-05
    },
    {
      "epoch": 7,
      "alpha": 0.083,
      "train_loss": 0.3783,
      "train_acc": 88.23,
      "val_acc": 94.27,
      "val_auc": 0.9885,
      "lr": 9.84e-05,
      "range_reg": 5.3e-05
    },
    {
      "epoch": 8,
      "alpha": 0.167,
      "train_loss": 0.3128,
      "train_acc": 92.95,
      "val_acc": 95.23,
      "val_auc": 0.9874,
      "lr": 9.65e-05,
      "range_reg": 5.1e-05
    },
    {
      "epoch": 9,
      "alpha": 0.25,
      "train_loss": 0.3046,
      "train_acc": 93.69,
      "val_acc": 95.23,
      "val_auc": 0.9836,
      "lr": 9.39e-05,
      "range_reg": 5e-05
    },
    {
      "epoch": 10,
      "alpha": 0.333,
      "train_loss": 0.3254,
      "train_acc": 92.23,
      "val_acc": 91.22,
      "val_auc": 0.9843,
      "lr": 9.05e-05,
      "range_reg": 4.9e-05
    },
    {
      "epoch": 11,
      "alpha": 0.417,
      "train_loss": 0.3039,
      "train_acc": 93.39,
      "val_acc": 95.61,
      "val_auc": 0.9879,
      "lr": 8.66e-05,
      "range_reg": 4.8e-05
    },
    {
      "epoch": 12,
      "alpha": 0.5,
      "train_loss": 0.3147,
      "train_acc": 92.97,
      "val_acc": 93.32,
      "val_auc": 0.9902,
      "lr": 8.21e-05,
      "range_reg": 4.8e-05
    },
    {
      "epoch": 13,
      "alpha": 0.583,
      "train_loss": 0.2972,
      "train_acc": 93.88,
      "val_acc": 92.75,
      "val_auc": 0.9859,
      "lr": 7.7e-05,
      "range_reg": 4.7e-05
    },
    {
      "epoch": 14,
      "alpha": 0.667,
      "train_loss": 0.2975,
      "train_acc": 93.78,
      "val_acc": 95.8,
      "val_auc": 0.9913,
      "lr": 7.16e-05,
      "range_reg": 4.7e-05
    },
    {
      "epoch": 15,
      "alpha": 0.75,
      "train_loss": 0.3017,
      "train_acc": 93.31,
      "val_acc": 95.61,
      "val_auc": 0.9901,
      "lr": 6.58e-05,
      "range_reg": 4.6e-05
    },
    {
      "epoch": 16,
      "alpha": 0.833,
      "train_loss": 0.3018,
      "train_acc": 93.48,
      "val_acc": 93.13,
      "val_auc": 0.9876,
      "lr": 5.98e-05,
      "range_reg": 4.6e-05
    },
    {
      "epoch": 17,
      "alpha": 0.917,
      "train_loss": 0.3166,
      "train_acc": 92.84,
      "val_acc": 91.41,
      "val_auc": 0.9835,
      "lr": 5.36e-05,
      "range_reg": 4.6e-05
    },
    {
      "epoch": 18,
      "alpha": 1.0,
      "train_loss": 0.3361,
      "train_acc": 91.19,
      "val_acc": 95.23,
      "val_auc": 0.985,
      "lr": 4.74e-05,
      "range_reg": 4.5e-05
    },
    {
      "epoch": 19,
      "alpha": 1.0,
      "train_loss": 0.2971,
      "train_acc": 94.12,
      "val_acc": 94.47,
      "val_auc": 0.9883,
      "lr": 4.12e-05,
      "range_reg": 4.5e-05
    },
    {
      "epoch": 20,
      "alpha": 1.0,
      "train_loss": 0.2913,
      "train_acc": 94.41,
      "val_acc": 93.89,
      "val_auc": 0.9837,
      "lr": 3.52e-05,
      "range_reg": 4.5e-05
    },
    {
      "epoch": 21,
      "alpha": 1.0,
      "train_loss": 0.2881,
      "train_acc": 94.37,
      "val_acc": 95.99,
      "val_auc": 0.9917,
      "lr": 2.94e-05,
      "range_reg": 4.5e-05
    },
    {
      "epoch": 22,
      "alpha": 1.0,
      "train_loss": 0.2844,
      "train_acc": 94.94,
      "val_acc": 96.18,
      "val_auc": 0.9925,
      "lr": 2.4e-05,
      "range_reg": 4.5e-05
    },
    {
      "epoch": 23,
      "alpha": 1.0,
      "train_loss": 0.28,
      "train_acc": 95.05,
      "val_acc": 95.99,
      "val_auc": 0.9934,
      "lr": 1.89e-05,
      "range_reg": 4.5e-05
    },
    {
      "epoch": 24,